{
    "keyboard_name": "omega4", 
    "url": "", 
    "maintainer": "makenova", 
    "width": 10.75, 
    "height": 4, 
    "layouts": {
        "LAYOUT": {
            "layout": [{"label":"Q", "x":0, "y":0}, {"label":"W", "x":1, "y":0}, {"label":"E", "x":2, "y":0}, {"label":"R", "x":3, "y":0}, {"label":"T", "x":4, "y":0}, {"label":"Y", "x":5, "y":0}, {"label":"U", "x":6, "y":0}, {"label":"I", "x":7, "y":0}, {"label":"O", "x":8, "y":0}, {"label":"P", "x":9, "y":0}, {"label":"A", "x":0.25, "y":1}, {"label":"S", "x":1.25, "y":1}, {"label":"D", "x":2.25, "y":1}, {"label":"F", "x":3.25, "y":1}, {"label":"G", "x":4.25, "y":1}, {"label":"H", "x":5.25, "y":1}, {"label":"J", "x":6.25, "y":1}, {"label":"K", "x":7.25, "y":1}, {"label":"L", "x":8.25, "y":1}, {"label":":", "x":9.25, "y":1}, {"label":"Z", "x":0.5, "y":2}, {"label":"X", "x":1.5, "y":2}, {"label":"C", "x":2.5, "y":2}, {"label":"V", "x":3.5, "y":2}, {"label":"", "x":4.5, "y":2}, {"label":"", "x":5.5, "y":2}, {"label":"B", "x":6.5, "y":2}, {"label":"N", "x":7.5, "y":2}, {"label":"M", "x":8.5, "y":2}, {"label":"<", "x":9.5, "y":2}, {"label":"", "x":0.75, "y":3}, {"label":"", "x":1.75, "y":3}, {"label":"Space", "x":2.75, "y":3, "w":6}, {"label":"", "x":8.75, "y":3}, {"label":"", "x":9.75, "y":3}]
        }
    }
}